<?xml version="1.0" encoding="UTF-8"?>
<project-private xmlns="http://www.netbeans.org/ns/project-private/1">
    <editor-bookmarks xmlns="http://www.netbeans.org/ns/editor-bookmarks/2" lastBookmarkId="0"/>
    <open-files xmlns="http://www.netbeans.org/ns/projectui-open-files/2">
        <group>
            <file>file:/C:/Users/alexk/Desktop/ProjetEquipe2.0/src/Vues/frmListerModifierRegion.java</file>
            <file>file:/C:/Users/alexk/Desktop/ProjetEquipe2.0/src/Vues/frmListerModifierVisiteur.java</file>
            <file>file:/C:/Users/alexk/Desktop/ProjetEquipe2.0/src/Model/ModelVisiteur.java</file>
            <file>file:/C:/Users/alexk/Desktop/ProjetEquipe2.0/src/Vues/frmGraph1.java</file>
            <file>file:/C:/Users/alexk/Desktop/ProjetEquipe2.0/src/Model/ModelRegion.java</file>
            <file>file:/C:/Users/alexk/Desktop/ProjetEquipe2.0/src/Vues/frmCourbe.java</file>
            <file>file:/C:/Users/alexk/Desktop/ProjetEquipe2.0/src/Tools/ConnexionBDD.java</file>
            <file>file:/C:/Users/alexk/Desktop/ProjetEquipe2.0/src/Vues/frmAccueil.java</file>
            <file>file:/C:/Users/alexk/Desktop/ProjetEquipe2.0/src/Tools/FonctionsMetier.java</file>
            <file>file:/C:/Users/alexk/Desktop/ProjetEquipe2.0/src/Vues/frmStatistiques.java</file>
            <file>file:/C:/Users/alexk/Desktop/ProjetEquipe2.0/src/Vues/frmVisiteurInsererRegion.java</file>
            <file>file:/C:/Users/alexk/Desktop/ProjetEquipe2.0/src/Tools/IMetier.java</file>
            <file>file:/C:/Users/alexk/Desktop/ProjetEquipe2.0/src/Entity/Region.java</file>
            <file>file:/C:/Users/alexk/Desktop/ProjetEquipe2.0/src/Vues/frmInsererRegion.java</file>
            <file>file:/C:/Users/alexk/Desktop/ProjetEquipe2.0/src/Vues/frmGraph2.java</file>
        </group>
    </open-files>
</project-private>
